<?xml version="1.0" encoding="UTF-8"?>
<project-private xmlns="http://www.netbeans.org/ns/project-private/1">
    <editor-bookmarks xmlns="http://www.netbeans.org/ns/editor-bookmarks/2" lastBookmarkId="0"/>
    <open-files xmlns="http://www.netbeans.org/ns/projectui-open-files/2">
        <group name="Project KeithDone"/>
        <group name="Project IS4303">
            <file>file:/C:/Users/lenovo/Documents/GitHub/IS4302-VoteChain/votingNetwork/votingNetwork/votingNetwork-war/web/done.xhtml</file>
            <file>file:/C:/Users/lenovo/Documents/GitHub/IS4302-VoteChain/votingNetwork/votingNetwork/votingNetwork-war/src/java/jsf/managedbean/VoterLoginManagedBean.java</file>
            <file>file:/C:/Users/lenovo/Documents/GitHub/IS4302-VoteChain/votingNetwork/votingNetwork/votingNetwork-war/web/voting.xhtml</file>
            <file>file:/C:/Users/lenovo/Documents/GitHub/IS4302-VoteChain/votingNetwork/votingNetwork/votingNetwork-war/web/index.xhtml</file>
            <file>file:/C:/Users/lenovo/Documents/GitHub/IS4302-VoteChain/votingNetwork/votingNetwork/votingNetwork-war/src/java/jsf/managedbean/VotingManagedBean.java</file>
            <file>file:/C:/Users/lenovo/Documents/GitHub/IS4302-VoteChain/votingNetwork/votingNetwork/votingNetwork-war/src/java/web/filter/SecurityFilter.java</file>
        </group>
    </open-files>
</project-private>
