<?xml version="1.0" encoding="UTF-8"?>
<project-private xmlns="http://www.netbeans.org/ns/project-private/1">
    <editor-bookmarks xmlns="http://www.netbeans.org/ns/editor-bookmarks/2" lastBookmarkId="0"/>
    <open-files xmlns="http://www.netbeans.org/ns/projectui-open-files/2">
        <group name="Project KeithDone">
            <file>file:/C:/Users/lenovo/Desktop/votingNetwork/votingNetwork/votingNetwork-ejb/src/java/ejb/session/singleton/DataInitSessionBean.java</file>
            <file>file:/C:/Users/lenovo/Desktop/votingNetwork/votingNetwork/votingNetwork-ejb/src/java/ebj/session/stateless/EDSSessionBean.java</file>
            <file>file:/C:/Users/lenovo/Desktop/votingNetwork/votingNetwork/votingNetwork-ejb/src/java/ebj/session/stateless/VoterSessionBeanLocal.java</file>
            <file>file:/C:/Users/lenovo/Desktop/votingNetwork/votingNetwork/votingNetwork-ejb/src/conf/persistence.xml</file>
            <file>file:/C:/Users/lenovo/Desktop/votingNetwork/votingNetwork/votingNetwork-ejb/src/java/ebj/session/stateless/AdminSessionBean.java</file>
            <file>file:/C:/Users/lenovo/Desktop/votingNetwork/votingNetwork/votingNetwork-ejb/src/java/ebj/session/stateless/VoterSessionBean.java</file>
            <file>file:/C:/Users/lenovo/Desktop/votingNetwork/votingNetwork/votingNetwork-ejb/src/java/ebj/session/stateless/AdminSessionBeanLocal.java</file>
        </group>
        <group name="Project IS4303"/>
    </open-files>
</project-private>
